2018-03-26 14:20:43, mac : 00:06:7a:05:79:c0, IP : .................
2018-03-26 14:20:43, mac : 00:06:7a:05:79:7e, IP : .................
2018-03-26 14:20:43, mac : 00:06:7a:05:79:b1, IP : .................
2018-03-26 14:20:43, mac : 00:06:7a:05:79:ae, IP : .................
2018-03-26 14:20:43, mac : 00:06:7a:05:79:9f, IP : .................
2018-03-26 14:20:43, mac : 00:06:7a:20:26:c9, IP : .................
2018-03-26 14:20:43, mac : 00:06:7A:40:04:42, IP : .................
2018-03-26 14:20:43, mac : 00:06:7A:40:02:BD, IP : .................
2018-03-26 14:20:43, mac : 00:06:7A:40:04:DD, IP : .................
2018-03-26 14:20:43, mac : 00:06:7A:40:02:C7, IP : .................
2018-03-26 14:20:43, mac : 00:06:7A:40:04:D8, IP : .................
2018-03-26 14:20:43, mac : 00:06:7A:40:04:5B, IP : .................
2018-03-26 14:20:43, mac : 00:06:7A:05:03:8F, IP : .................
2018-03-26 14:20:43, mac : 00:06:7A:05:04:97, IP : .................
2018-03-26 14:20:43, mac : 00:06:7A:20:26:BA, IP : .................
2018-03-26 14:25:43, mac : 00:06:7a:05:79:c0, IP : .................
2018-03-26 14:25:43, mac : 00:06:7a:05:79:7e, IP : .................
2018-03-26 14:25:43, mac : 00:06:7a:05:79:b1, IP : .................
2018-03-26 14:25:43, mac : 00:06:7a:05:79:ae, IP : .................
2018-03-26 14:25:43, mac : 00:06:7a:05:79:9f, IP : .................
2018-03-26 14:25:43, mac : 00:06:7a:20:26:c9, IP : .................
2018-03-26 14:25:43, mac : 00:06:7A:40:04:42, IP : .................
2018-03-26 14:25:43, mac : 00:06:7A:40:02:BD, IP : .................
2018-03-26 14:25:43, mac : 00:06:7A:40:04:DD, IP : .................
2018-03-26 14:25:43, mac : 00:06:7A:40:02:C7, IP : .................
2018-03-26 14:25:43, mac : 00:06:7A:40:04:D8, IP : .................
2018-03-26 14:25:43, mac : 00:06:7A:40:04:5B, IP : .................
2018-03-26 14:25:43, mac : 00:06:7A:05:03:8F, IP : .................
2018-03-26 14:25:43, mac : 00:06:7A:05:04:97, IP : .................
2018-03-26 14:25:43, mac : 00:06:7A:20:26:BA, IP : .................
2018-03-26 14:30:43, mac : 00:06:7a:05:79:c0, IP : .................
2018-03-26 14:30:43, mac : 00:06:7a:05:79:7e, IP : .................
2018-03-26 14:30:43, mac : 00:06:7a:05:79:b1, IP : .................
2018-03-26 14:30:43, mac : 00:06:7a:05:79:ae, IP : .................
2018-03-26 14:30:43, mac : 00:06:7a:05:79:9f, IP : .................
2018-03-26 14:30:43, mac : 00:06:7a:20:26:c9, IP : .................
2018-03-26 14:30:43, mac : 00:06:7A:40:04:42, IP : .................
2018-03-26 14:30:43, mac : 00:06:7A:40:02:BD, IP : .................
2018-03-26 14:30:43, mac : 00:06:7A:40:04:DD, IP : .................
2018-03-26 14:30:43, mac : 00:06:7A:40:02:C7, IP : .................
2018-03-26 14:30:43, mac : 00:06:7A:40:04:D8, IP : .................
2018-03-26 14:30:43, mac : 00:06:7A:40:04:5B, IP : .................
2018-03-26 14:30:43, mac : 00:06:7A:05:03:8F, IP : .................
2018-03-26 14:30:43, mac : 00:06:7A:05:04:97, IP : .................
2018-03-26 14:30:43, mac : 00:06:7A:20:26:BA, IP : .................
2018-03-30 10:49:00, mac : 00:06:7A:05:04:91, IP : 192.168.0.179
